{
  "total_persons": 52971,
  "total_samples": 157934,
  "landmark_distribution": {
    "T0": {
      "count": 52971,
      "positive_rate": 0.01249740424005588
    },
    "T1": {
      "count": 52654,
      "positive_rate": 0.010730428837315304
    },
    "T2": {
      "count": 52309,
      "positive_rate": 0.00921447552046493
    }
  },
  "feature_dimensions": 39
}